ThumbDIP,ThumbPIP,IndexDIP,IndexPIP,IndexMCP,MiddleDIP,MiddlePIP,MiddleMCP,RingDIP,RingPIP,RingMCP,PinkyDIP,PinkyPIP,PinkyMCP
69.18724494639606,41.99702113936446,3.332700402092689,3.9950398939488783,17.11235609352788,3.3268388022978725,4.061565960242798,9.979264498591691,2.6446652002503632,3.21138737271726,5.038493046312701,3.8070757655118914,4.735897817056918,10.791305309919634
